{"expected_shd": 8.0, "expected_edges": 14.0, "fpr": [0.0, 0.3076923076923077, 1.0], "tpr": [0.0, 0.6, 1.0], "roc_auc": 0.6461538461538462, "precision": [0.2777777777777778, 0.42857142857142855, 1.0], "recall": [1.0, 0.6, 0.0], "prc_auc": 0.5698412698412698, "ave_prec": 0.3682539682539682}