{"expected_shd": 11.0, "expected_edges": 13.0, "fpr": [0.0, 0.38461538461538464, 1.0], "tpr": [0.0, 0.3, 1.0], "roc_auc": 0.45769230769230773, "precision": [0.2777777777777778, 0.23076923076923078, 1.0], "recall": [1.0, 0.3, 0.0], "prc_auc": 0.3626068376068376, "ave_prec": 0.2636752136752137}